variable,moy_traite,moy_temoin,sd_traite,var_ratio,smd,echantillon
age_fin_ctt_redresse,38.97714110507034,39.85291683433828,10.899411940577693,0.8412500002920588,-0.08035073213514352,Avant appariement
jours_cdi_m24,23.3724249008775,18.987902150305462,12.840613957581331,0.7624164186255648,0.34145740733707963,Avant appariement
jours_cdi_m23,23.57575207948663,19.17002188832298,12.628022724272805,0.743105604452928,0.3488851966266442,Avant appariement
jours_cdi_m22,23.83418157282828,19.325232113599125,12.430129356820206,0.7273731115114972,0.36274356684431214,Avant appariement
jours_cdi_m21,24.137802944836018,19.547690718419638,12.252936616516948,0.7102103924230745,0.3746132351838753,Avant appariement
jours_cdi_m20,24.381769440887442,19.69855503198574,12.039590156736182,0.6945550126171758,0.388984537507818,Avant appariement
jours_cdi_m19,24.702984376190287,19.95088463541336,11.852835155176487,0.6753992902490272,0.40092515238445237,Avant appariement
jours_cdi_m18,24.900162876493187,20.12738834626734,11.604430740607405,0.6550356521703146,0.411288984088161,Avant appariement
jours_cdi_m17,25.220456416934802,20.314575844944304,11.393447190922506,0.6380485201100005,0.4305879063448994,Avant appariement
jours_cdi_m16,25.46612785623338,20.527809177854266,11.135790794468516,0.6150740674715641,0.4434636721832209,Avant appariement
jours_cdi_m15,25.785619710594954,20.74450992595227,10.880583535845183,0.5941426920961143,0.46331244717116193,Avant appariement
jours_cdi_m14,26.07786874839028,20.968287333985327,10.576833982183237,0.567393495067715,0.4830917666867122,Avant appariement
jours_cdi_m13,26.362336715408695,21.156622170288614,10.220934791234363,0.5388515876996985,0.5093188295834336,Avant appariement
jours_cdi_m12,26.77620261980854,21.41611310801485,9.893735244334941,0.5103038955868902,0.541766014495165,Avant appariement
jours_cdi_m11,27.01057790321001,21.632631806231185,9.496739255345004,0.47754532931975446,0.5662939617881981,Avant appariement
jours_cdi_m10,27.297066409353246,21.821986968615448,9.103347008561935,0.4469631013445195,0.6014358713985464,Avant appariement
jours_cdi_m9,27.632885815960446,22.088495294222245,8.702841199834065,0.41455160548504194,0.6370782132441891,Avant appariement
jours_cdi_m8,27.899966989396702,22.276599392884812,8.266292559280025,0.38312434404404544,0.6802768661023139,Avant appariement
jours_cdi_m7,28.245820168390352,22.58215106753204,7.840627850316997,0.3500382385465002,0.722348925236814,Avant appariement
jours_cdi_m6,28.412414888870348,22.806364548537463,7.413091449221899,0.321222124710797,0.7562365011592179,Avant appariement
jours_cdi_m5,28.653345134926308,23.037760532432397,7.11774289440674,0.3022352650414497,0.7889558088571513,Avant appariement
jours_cdi_m4,28.724771374365634,23.241878670104445,6.945159912876923,0.29335568611760604,0.7894552138526625,Avant appariement
jours_cdi_m3,28.781364607554714,23.324859546399434,6.938435465758956,0.2941347140873721,0.7864172100588132,Avant appariement
jours_cdi_m2,28.744363711552623,23.18152066689529,7.001711491366781,0.295145474705465,0.7944976098367387,Avant appariement
jours_cdi_m1,28.633379161240473,22.51583622284599,7.127869588567173,0.28852627214992377,0.858256855345219,Avant appariement
jours_cdd_ventiles_m24,1.2355107030532995,1.1355827078014724,5.851636450831259,1.1038463050059828,0.01707693157144643,Avant appariement
jours_cdd_ventiles_m23,1.2400015961170825,1.1515268904610096,5.863277932605305,1.0900875760338729,0.015089631887322073,Avant appariement
jours_cdd_ventiles_m22,1.2447645545926456,1.1689867442283837,5.876748202646303,1.0809815986818587,0.012894513726169024,Avant appariement
jours_cdd_ventiles_m21,1.24806198738342,1.1909195212511483,5.892075762390516,1.062379866771172,0.009698189303168094,Avant appariement
jours_cdd_ventiles_m20,1.2547330312802674,1.1982861908814177,5.907884060608039,1.0608659409082812,0.009554493591913873,Avant appariement
jours_cdd_ventiles_m19,1.263025585031324,1.2133137735553494,5.9436438685839885,1.057390129980385,0.00836386105478722,Avant appariement
jours_cdd_ventiles_m18,1.2584331208804762,1.2188789961007456,5.9290557380054985,1.0461934649417852,0.006671235105142801,Avant appariement
jours_cdd_ventiles_m17,1.2596556014640747,1.2281466051930787,5.949814273055585,1.0404117388606937,0.0052957949315641855,Avant appariement
jours_cdd_ventiles_m16,1.2487874951481668,1.238315996257393,5.928753396234805,1.02435199490361,0.0017662227100597359,Avant appariement
jours_cdd_ventiles_m15,1.2278457135187488,1.253521395094814,5.8892243019174675,0.9952781211027769,-0.004359773080421734,Avant appariement
jours_cdd_ventiles_m14,1.209512132303596,1.2689469472775075,5.851169160148646,0.9680102895958015,-0.010157767336263706,Avant appariement
jours_cdd_ventiles_m13,1.1760988721981798,1.2769380903390786,5.767474345091541,0.9362692044471843,-0.01748412079660465,Avant appariement
jours_cdd_ventiles_m12,1.1458488259470596,1.2892603270970664,5.718229109788965,0.9067792324169979,-0.02507970534172939,Avant appariement
jours_cdd_ventiles_m11,1.103896339450573,1.289188353888035,5.61674747023556,0.8722616107608168,-0.0329892015653841,Avant appariement
jours_cdd_ventiles_m10,1.0674395742720437,1.3051727568702662,5.52328320796593,0.8357584138736851,-0.04304200484511692,Avant appariement
jours_cdd_ventiles_m9,1.0353757586090566,1.3240805422546242,5.448851790661359,0.7994802965889034,-0.052984517607979544,Avant appariement
jours_cdd_ventiles_m8,1.0014909184565548,1.3440361728881156,5.362286025670634,0.7655817451461115,-0.06388045188035646,Avant appariement
jours_cdd_ventiles_m7,0.9671308707181439,1.3688203591039758,5.291195206452272,0.7303195552790661,-0.07591658835342106,Avant appariement
jours_cdd_ventiles_m6,0.9257333976616885,1.384510518672814,5.170769003001134,0.6899680146158435,-0.0887251240086048,Avant appariement
jours_cdd_ventiles_m5,0.8921677809256754,1.4006663872412668,5.093779542403758,0.6599609157900822,-0.09982736827978829,Avant appariement
jours_cdd_ventiles_m4,0.868733880124352,1.4039475188294617,5.0286560767633075,0.6415106461537536,-0.10643273879441754,Avant appariement
jours_cdd_ventiles_m3,0.8549601152106331,1.36742746582331,4.995848309824259,0.6475678754006612,-0.10257864507313359,Avant appariement
jours_cdd_ventiles_m2,0.844175442287671,1.3035110224852773,4.9629021182851885,0.6685111192367701,-0.09255382621898628,Avant appariement
jours_cdd_ventiles_m1,0.8434680722170429,1.2170436792704458,4.948342525133366,0.7140348642714235,-0.07549509864281967,Avant appariement
jours_interim_m24,0.17514120194871385,0.28673914792187943,2.05273762642704,0.6264878959573646,-0.05436542134584002,Avant appariement
jours_interim_m23,0.16697561205648803,0.2820630061939297,1.997653513237841,0.5987741454183202,-0.05761128913237085,Avant appariement
jours_interim_m22,0.1614037124232322,0.2726451001062663,1.9632383522172507,0.6001847796192771,-0.05666219160673986,Avant appariement
jours_interim_m21,0.15516071810758555,0.2670925787154052,1.9260626059306416,0.5871857318413966,-0.05811434179925633,Avant appariement
jours_interim_m20,0.14786210999423222,0.2654647140758428,1.8822861031530134,0.5652213050216348,-0.062478601889805564,Avant appariement
jours_interim_m19,0.13956955624317569,0.26013446288934333,1.829508823135449,0.5440910627892692,-0.06590015042373017,Avant appariement
jours_interim_m18,0.12941244753671977,0.25448456598038094,1.7643939669719266,0.5167350067092886,-0.07088672982616881,Avant appariement
jours_interim_m17,0.12254914408221454,0.25528473871608265,1.7192012375007146,0.48691204586893805,-0.07720771235997492,Avant appariement
jours_interim_m16,0.11575839140418401,0.25060436326995456,1.6766364734006636,0.470265524345007,-0.08042648123493767,Avant appariement
jours_interim_m15,0.10966775371913418,0.24077155280081627,1.6242014208486906,0.460141063880663,-0.08071892894489448,Avant appariement
jours_interim_m14,0.09893749387852824,0.2356593381005,1.5439326979802532,0.42406257683829507,-0.08855427726922875,Avant appariement
jours_interim_m13,0.09249135738875246,0.23063814834101753,1.496513192605035,0.40439570883453924,-0.09231244444413345,Avant appariement
jours_interim_m12,0.0845978329083067,0.22499883572750096,1.4337755347751704,0.38080206161354807,-0.09792397722926027,Avant appariement
jours_interim_m11,0.07588811219252074,0.22022108476327165,1.3532950233160332,0.34424979996427696,-0.10665299885392766,Avant appariement
jours_interim_m10,0.0660574819802009,0.2232841798652831,1.2536799485630241,0.29319268005433924,-0.1254121500988322,Avant appariement
jours_interim_m9,0.05637195332083041,0.22880283151071765,1.1644557066519559,0.2448462678811441,-0.14807852046657974,Avant appariement
jours_interim_m8,0.04706731623795204,0.23553444341423968,1.0615110932434382,0.1973666662414825,-0.17754607405978953,Avant appariement
jours_interim_m7,0.041669538468235456,0.23885791218421754,1.015947147413026,0.17644665527285647,-0.19409314177228215,Avant appariement
jours_interim_m6,0.035081927964334035,0.24875634528511975,0.9247515090670771,0.13940344683304307,-0.23106144215579405,Avant appariement
jours_interim_m5,0.02621259554030377,0.2560827945926951,0.8103062977748927,0.10284090399742571,-0.2836830957424577,Avant appariement
jours_interim_m4,0.021391596443560937,0.25406754473981685,0.7492247633180346,0.08787805172781414,-0.31055560318885045,Avant appariement
jours_interim_m3,0.02034686526232547,0.2547872768301305,0.728366761549232,0.08154471794964584,-0.32187137571894636,Avant appariement
jours_interim_m2,0.019875285215240016,0.25081181546069203,0.7172332406229177,0.0802641129488294,-0.3219824698097978,Avant appariement
jours_interim_m1,0.023372232641319844,0.260130229171165,0.7554581361414182,0.08775927503694408,-0.3133965804367552,Avant appariement
jours_autre_m24,0.09537525075362119,0.07613918771883031,1.6782360736809239,1.2527217085573674,0.011462072193812317,Avant appariement
jours_autre_m23,0.09484200254653226,0.07489235771531633,1.6737741138219704,1.2672481437850232,0.011918958876512927,Avant appariement
jours_autre_m22,0.09219027166638251,0.07512309535603454,1.6533723167612822,1.2300783415125651,0.010322645502968205,Avant appariement
jours_autre_m21,0.09176947716282934,0.07488600713804885,1.6493164339508588,1.2318882851338226,0.010236646938839343,Avant appariement
jours_autre_m20,0.09033297178863056,0.07417474248409181,1.6327730735084618,1.2194690165092104,0.009896188004753382,Avant appariement
jours_autre_m19,0.0900391411439081,0.07375560438443854,1.6369020263354417,1.2279876999326287,0.009947777263080167,Avant appariement
jours_autre_m18,0.09047444580275621,0.07468913924275716,1.6333438965855809,1.2075268857200916,0.009664410901462573,Avant appariement
jours_autre_m17,0.09035110948274924,0.07473359328362948,1.638603651969394,1.2193613864209518,0.009530990719048798,Avant appariement
jours_autre_m16,0.08843576898381755,0.07560785608745169,1.6234692466647132,1.1761334417814326,0.007901543514125557,Avant appariement
jours_autre_m15,0.08572962502131179,0.07714892950435862,1.5970440701278559,1.1137172942950728,0.0053728608229741725,Avant appariement
jours_autre_m14,0.08242130961406614,0.07670015537745714,1.5717460906757916,1.084438130012008,0.003639999024364757,Avant appariement
jours_autre_m13,0.0795265336327262,0.07709812488621882,1.5381348163900856,1.0359953662152923,0.0015788009741608431,Avant appariement
jours_autre_m12,0.07622547330312802,0.07659431242299924,1.5113887226205334,1.0061810174511894,-2.4403987825958183e-4,Avant appariement
jours_autre_m11,0.0719449774911216,0.07418744363862675,1.4665845714046868,0.9737587315148911,-0.001529039778017941,Avant appariement
jours_autre_m10,0.0693404046156804,0.07029877349184374,1.4445755297208545,0.9980509550818984,-6.634259382398163e-4,Avant appariement
jours_autre_m9,0.06795468478501392,0.06669376246300789,1.4285082621567127,1.0265997557499595,8.826846546216915e-4,Avant appariement
jours_autre_m8,0.06466450707188694,0.0638995084653195,1.3932520511291022,1.01877005573249,5.49074093196186e-4,Avant appariement
jours_autre_m7,0.0639716471565537,0.06007857780938954,1.3909975022996428,1.081230238830846,0.002798760846606842,Avant appariement
jours_autre_m6,0.061998266036442255,0.057866460061219566,1.3654701432314162,1.08078795812962,0.0030259218743843613,Avant appariement
jours_autre_m5,0.06187855725525902,0.055449006981401275,1.3663028603274767,1.130197104338985,0.004705801664146928,Avant appariement
jours_autre_m4,0.061711690469367246,0.05366661162833035,1.3651363936868934,1.1594953678511692,0.005893241787591013,Avant appariement
jours_autre_m3,0.06294868120826064,0.0526039483655731,1.3789093481357195,1.207181238689352,0.0075021123445668,Avant appariement
jours_autre_m2,0.06260043748118214,0.05140368926202058,1.3752926684379194,1.2254767266512208,0.008141356728003951,Avant appariement
jours_autre_m1,0.0636234034294752,0.05157303798915321,1.3809840431173241,1.2370729080843312,0.008725926632085079,Avant appariement
jours_ns_min_m24,0.08980335112036536,0.06712136799901777,1.651839899905533,1.335333840857753,0.013731344740277037,Avant appariement
jours_ns_min_m23,0.08392673822591586,0.0656586183684097,1.5948089306059208,1.2756659346704329,0.0114547388761897,Avant appariement
jours_ns_min_m22,0.08055675465866674,0.06361373248828318,1.5640065917644705,1.2646754118179182,0.010833088722003972,Avant appariement
jours_ns_min_m21,0.07602958620664638,0.06238172049839331,1.5194416228005592,1.2172897843887458,0.008982158645291026,Avant appariement
jours_ns_min_m20,0.07113603633342885,0.059727179200589335,1.4706365852974306,1.1935180191715202,0.007757767790423983,Avant appariement
jours_ns_min_m19,0.064417834431873,0.05799982218383651,1.398665964523868,1.109114983825687,0.004588666923214441,Avant appariement
jours_ns_min_m18,0.06033322571634823,0.05375763656916414,1.352501509845147,1.1225040472632046,0.004861798008592948,Avant appariement
jours_ns_min_m17,0.0555231092360766,0.05042358350374049,1.2991699231114695,1.1025464547143646,0.003925218434954922,Avant appariement
jours_ns_min_m16,0.05002013284047172,0.04626818911172359,1.2320555985707462,1.0785890686241608,0.0030452714415652978,Avant appariement
jours_ns_min_m15,0.04217013882591079,0.041299920829470066,1.1338845994734121,1.0219168399850589,7.674661044385464e-4,Avant appariement
jours_ns_min_m14,0.0375232615927072,0.03791506314590663,1.0681907394699097,0.9900228714358337,-3.6678988004882593e-4,Avant appariement
jours_ns_min_m13,0.03177361255708839,0.03558863500692213,0.9829294002024564,0.8947853480691321,-0.0038812781966313667,Avant appariement
jours_ns_min_m12,0.02896226996869434,0.03284095190919521,0.9393447291790987,0.8818318286906677,-0.004129135790106031,Avant appariement
jours_ns_min_m11,0.024725304622572723,0.030489121461140817,0.8673113802413746,0.8105223882390681,-0.006645614216389058,Avant appariement
jours_ns_min_m10,0.020520987125864715,0.025967510446699604,0.7900746459275153,0.7898639386535243,-0.006893681943736965,Avant appariement
jours_ns_min_m9,0.0170784527821409,0.02149035347313071,0.7203256589666664,0.792018559173954,-0.0061248695448650825,Avant appariement
jours_ns_min_m8,0.01349444442429145,0.018691865757264003,0.6415573513622321,0.7230575148605977,-0.008101257544530914,Avant appariement
jours_ns_min_m7,0.010175246400574602,0.016041558177638346,0.5570870580320613,0.6355394354456514,-0.010530332185039072,Avant appariement
jours_ns_min_m6,0.007120858710990354,0.01212113514451797,0.46393277606964767,0.5828205160465622,-0.010778019341269719,Avant appariement
jours_ns_min_m5,0.005651705487377979,0.008808250669985902,0.41563880251354307,0.6453447683750217,-0.007594442971924092,Avant appariement
jours_ns_min_m4,0.004610601844966246,0.007252359239454866,0.3736885349646992,0.6346082612501157,-0.007069409808727945,Avant appariement
jours_ns_min_m3,0.003979410089636484,0.005355653495569414,0.34834453608910576,0.7428807879610988,-0.003950810945347768,Avant appariement
jours_ns_min_m2,0.0038850940802193936,0.004714245191554579,0.3448498990139772,0.8265076235236996,-0.0024043826421465157,Avant appariement
jours_ns_min_m1,0.003058015228407982,0.003727788856007011,0.30360768608245514,0.8138471920815241,-0.0022060496433450923,Avant appariement
jours_indemnises_m24,1.0491749162945416,1.4140407029665663,5.372570027640173,0.7529028947265585,-0.06791270933555181,Avant appariement
jours_indemnises_m23,1.0000798058541223,1.3681006270136622,5.243075704973099,0.7412884031940854,-0.0701917809064762,Avant appariement
jours_indemnises_m22,0.9454127957804468,1.3246478604905185,5.106692316084573,0.7238140504994682,-0.0742623681312448,Avant appariement
jours_indemnises_m21,0.8916853182621187,1.2790337808373449,4.958186244578338,0.7062955668940515,-0.07812301585056083,Avant appariement
jours_indemnises_m20,0.839180321327389,1.2181634977286102,4.8048164315995825,0.6974438308000289,-0.07887568272302405,Avant appariement
jours_indemnises_m19,0.7865882634608897,1.164805947527297,4.6686590615225585,0.6863318434285238,-0.08101205915496036,Avant appariement
jours_indemnises_m18,0.7295597256129633,1.111454747903251,4.487720159131812,0.6631813375077662,-0.08509777988567108,Avant appariement
jours_indemnises_m17,0.6725710906920981,1.0502817539447669,4.320613419400857,0.6509125034247801,-0.08742061059122624,Avant appariement
jours_indemnises_m16,0.6149766567876692,0.9945575552817751,4.12461554726128,0.6250935369377312,-0.09202818884444766,Avant appariement
jours_indemnises_m15,0.5546942166148533,0.9324086892831892,3.9230479218498697,0.6030114371693497,-0.09628087145319113,Avant appariement
jours_indemnises_m14,0.4920901515948474,0.8677873318684668,3.6918511344408795,0.5724567495360195,-0.10176390287484266,Avant appariement
jours_indemnises_m13,0.4331716660197556,0.8003780710333236,3.4685430719807573,0.5485061666929082,-0.10586762147481996,Avant appariement
jours_indemnises_m12,0.38663397045006875,0.7425391301402631,3.267658466724662,0.5255410490256045,-0.10891749040313137,Avant appariement
jours_indemnises_m11,0.3269537017219927,0.6761904157087879,2.9974622617159654,0.48639140481193266,-0.11651079596473943,Avant appariement
jours_indemnises_m10,0.2730339646460066,0.599399235390497,2.734865961178475,0.4557811678902672,-0.11933501508931613,Avant appariement
jours_indemnises_m9,0.2206305387983415,0.5156054852052718,2.449846645992634,0.4259106283834718,-0.12040547390565819,Avant appariement
jours_indemnises_m8,0.1720976968756008,0.42872112074987617,2.1615384077158155,0.40268536119018766,-0.11872258339626714,Avant appariement
jours_indemnises_m7,0.12908596904258368,0.34951883792903443,1.8617451483958292,0.36900737033812575,-0.11840120495352788,Avant appariement
jours_indemnises_m6,0.09317333468761449,0.277333942988751,1.5663981103940499,0.33209198158651815,-0.11756947807783572,Avant appariement
jours_indemnises_m5,0.06429812565068978,0.21556822848530266,1.2922732270909474,0.2916677437614454,-0.1170573681040649,Avant appariement
jours_indemnises_m4,0.04588473858141467,0.16697996181186203,1.0859079167577652,0.2666854336717102,-0.11151518592110993,Avant appariement
jours_indemnises_m3,0.0345377971407739,0.1304366233557297,0.9377202149252194,0.2540860888875796,-0.10226805894613615,Avant appariement
jours_indemnises_m2,0.02682564960151486,0.10346572170076927,0.8234509921605887,0.25118092992944346,-0.09307180734358522,Avant appariement
jours_indemnises_m1,0.023568119737801495,0.08483524485709085,0.7622353920848978,0.26767672708305584,-0.08037822142016914,Avant appariement
niv_dipBac,0.1965763288581596,0.1936523863352512,0.39740992527222846,1.0114195437965658,0.0073574974779642855,Avant appariement
niv_dipinferieur_bac,0.3823244543274724,0.525851083196796,0.48595609123255085,0.9471431123337022,-0.29534896559335416,Avant appariement
niv_dipmanquant,0.0046214844614374485,0.00516090245936689,0.06782435425426166,0.8959668057187486,-0.007953160835225322,Avant appariement
niv_dipsuperieur,0.4164777323529305,0.27533562800858596,0.49297556976933016,1.2180091588672688,0.2863064885961526,Avant appariement
qualif_classecadre,0.2373099623098716,0.15095745536602612,0.42543460209919404,1.4121495135643942,0.20297480862572528,Avant appariement
qualif_classemanquant,0.029187177375765865,0.03393113434011152,0.16833118796089033,0.864414001474553,-0.02818228173764123,Avant appariement
qualif_classeouvrier_employe_non_qualifie,0.14521037911408247,0.21844292312837904,0.3523134615354175,0.7270409555621912,-0.20786189575368988,Avant appariement
qualif_classeouvrier_employe_qualifie,0.45969260236007675,0.5075169666255996,0.49837356941340644,0.993727357061231,-0.09596087593853125,Avant appariement
naf_64AZ2,7.545280753367263e-4,5.652013768051516e-4,0.027458359341826274,1.3347212389042635,0.006895047740277057,Avant appariement
naf_64AZ3,7.291353035705864e-4,3.5774918606768023e-4,0.026992708428895115,2.0373645710490367,0.013758757054010383,Avant appariement
naf_64BZ0,7.871759247503347e-4,7.536018357402021e-4,0.028045661555535045,1.0445179774090394,0.0011971223764378075,Avant appariement
naf_64CA0,0.030558387051137413,0.02859029885816621,0.17211821372720928,1.0666737552827836,0.011434514397705951,Avant appariement
naf_64CB0,0.004889922334393784,0.005613910304446674,0.06975692543156713,0.8716722735658768,-0.010378725346247323,Avant appariement
naf_64CC1,0.003112428310763996,0.0030609782429222815,0.05570235503216174,1.0167574347500516,9.236605492174993e-4,Avant appariement
naf_64CC2,0.0018173969506908648,0.003103315424705439,0.04259225985710131,0.5863870571048527,-0.030191365246382343,Avant appariement
naf_64CC3,0.002851245515455129,0.0031266008746861757,0.05332097362217322,0.9121846716076327,-0.0051641097400468615,Avant appariement
naf_64CD0,8.706093176962227e-5,6.985634994220975e-5,0.00933025551388288,1.2462655923116186,0.001843956127655143,Avant appariement
naf_64CE0,0.0044727553696643435,0.0034779994834863823,0.06672904900902565,1.2847320169707024,0.01490738892507538,Avant appariement
naf_64CF0,0.001933478193050361,0.00209780735735545,0.043928884066852816,0.9218193951005419,-0.003740799881349274,Avant appariement
naf_64CG1,0.0054957213179574055,0.005819245636094988,0.07392927831113147,0.9447131764870749,-0.0043761325083687425,Avant appariement
naf_64CG2,0.0036638142119716035,0.0037045034060262743,0.060418572636017256,0.9890581752649589,-6.734550698474258e-4,Avant appariement
naf_64CH1,0.0018536723389282073,0.0022713898026663955,0.04301445047441892,0.8164389979711228,-0.009711096134695679,Avant appariement
naf_64CH2,0.012594814796005355,0.01158345293587187,0.11151784856770167,1.0862000026653182,0.009069058210170669,Avant appariement
naf_64CI0,0.003739992527270023,0.0030482770883873346,0.06104112138094081,1.2260707095591243,0.011331958247717681,Avant appariement
naf_64CJ0,0.0035513605084358415,0.0028365911794715473,0.05948748762528587,1.2510862583221232,0.012015456653114275,Avant appariement
naf_64CK0,0.005735138880323867,0.004955567127718576,0.07551336138422728,1.1564073639031662,0.01032362668427209,Avant appariement
naf_64CL1,0.005085809430875434,0.003729905715096169,0.07113341218104226,1.361668579927391,0.019061418174743855,Avant appariement
naf_64CL2,0.0022998596142475214,0.0019305754893119784,0.04790175971376387,1.1908429147661184,0.007709197472957023,Avant appariement
naf_64CM1,0.0062575044709416005,0.005040241491284891,0.0788566463027611,1.239991835434518,0.015436403102703188,Avant appariement
naf_64CM2,0.00738929658394669,0.006170644244895195,0.08564298854505316,1.1960253330336994,0.014229446680394782,Avant appariement
naf_64DZ0,0.001139047190652558,7.87471581166728e-4,0.03373060760491026,1.4459545731049557,0.0104230440673903,Avant appariement
naf_64EZ1,7.835483859266004e-4,0.0010690138400247249,0.02798101638591574,0.7331743107330804,-0.010202111680325296,Avant appariement
naf_64EZ2,0.004998748499105811,0.00571763639981541,0.07052502431850083,0.8749017794808944,-0.010193373311904164,Avant appariement
naf_64FZ0,0.08987952943566378,0.07914724448452365,0.28600960886339366,1.122365574178559,0.037524211140284376,Avant appariement
naf_64GZ1,0.02535286883907875,0.018983992311567787,0.15719475346805536,1.326818539318149,0.040515833938473196,Avant appariement
naf_64GZ2,0.06697887684142939,0.045408744321525495,0.24998586678857065,1.4416938585185972,0.08628540803927594,Avant appariement
naf_64GZ3,0.1099760945191516,0.1337579752666184,0.3128605251915984,0.8447762300506567,-0.07601432214211934,Avant appariement
naf_64HZ1,0.023883715615466376,0.03879779338608546,0.15268715831403293,0.6251472434199773,-0.09767735502644681,Avant appariement
naf_64HZ2,7.218802259231179e-4,5.376822086460993e-4,0.026858178114500388,1.3423324488148956,0.0068581724527909255,Avant appariement
naf_64HZ3,5.658960565025447e-4,0.0029995893293367033,0.023781881124323632,0.18911864663385927,-0.1023339264085811,Avant appariement
naf_64HZ4,0.011742343172427804,0.01444756328350247,0.1077241971194615,0.8149881066795926,-0.025112464826028767,Avant appariement
naf_64HZ5,4.643249694379854e-4,0.0013166863534561958,0.021543236881713352,0.35294811458687486,-0.03956514931800821,Avant appariement
naf_64Inconnu,0.019356547163446015,0.09774385158277554,0.13777496181483764,0.2152387101157211,-0.5689517412073609,Avant appariement
naf_64IZ0,0.10019262231154029,0.08907107989449574,0.30025720271863465,1.1111296616049324,0.03704005204986319,Avant appariement
naf_64JA1,0.008713348254609695,0.005698584668012989,0.09293792094465388,1.5244034521922758,0.03243846597765028,Avant appariement
naf_64JA2,0.005564644555608357,0.0027497999568160745,0.07438883894971979,2.0179453870169497,0.03783960925502367,Avant appariement
naf_64JB0,0.002434078550725689,0.0033086507563537524,0.04927639009291135,0.7363176879910096,-0.017748301041919764,Avant appariement
naf_64JC0,0.032814716199500125,0.01951955766112473,0.1781516930348038,1.6583266557577754,0.07462830305956197,Avant appariement
naf_64KZ1,0.018478682768102325,0.014466615015304891,0.1346747446441624,1.272134812306713,0.02979079532244979,Avant appariement
naf_64KZ2,0.004708545393207071,0.004328976837327847,0.06845722747494293,1.0872678912973082,0.005544608946048183,Avant appariement
naf_64KZ3,0.01232637692304902,0.006566496894567717,0.11033803296417936,1.8662808934713933,0.05220212716997788,Avant appariement
naf_64LZ0,0.020691481450580224,0.01016304048704694,0.14234963137393217,2.0143013914877863,0.07396184213415047,Avant appariement
naf_64MA1,0.055766154337266796,0.03143535747399439,0.22947000104834955,1.729433636301968,0.10603040376570132,Avant appariement
naf_64MA2,0.025690229949686037,0.015618186359806774,0.15820977477173287,1.6280641867052141,0.06366258724792029,Avant appariement
naf_64MB0,0.0029491890636959544,0.001627864639562403,0.05422639591884891,1.8092968248774353,0.024366812541090594,Avant appariement
naf_64MC1,0.01031672041470024,0.008355242824906118,0.1010461416033649,1.2323195947335377,0.019411702007321403,Avant appariement
naf_64MC2,0.007073700706281809,0.0038018789241275365,0.08380745159771948,1.8544722974895533,0.0390397478956788,Avant appariement
naf_64NZ1,0.006101520301521027,0.0062045139903217205,0.07787370384195635,0.983503602526477,-0.0013225733940910001,Avant appariement
naf_64NZ2,0.007879014325150814,0.022279941913386593,0.08841359519188553,0.35884640778140026,-0.1628813708681476,Avant appariement
naf_64NZ3,0.00358400835784945,0.0018289662530324006,0.05975931890944393,1.9561389641281974,0.029368509160496725,Avant appariement
naf_64NZ4,0.05087985954169674,0.07172977023611446,0.2197527579194117,0.72526026917098,-0.09487894892342534,Avant appariement
naf_64OZ0,0.003700089600208946,0.0055948585726442535,0.060715832447254994,0.6625986005856367,-0.031207164524695095,Avant appariement
naf_64PZ0,0.019244093459910256,0.011623673258565871,0.13738204683420596,1.6428326199679253,0.055468821268479025,Avant appariement
naf_64QA0,0.019994993996423245,0.020199069428744405,0.13998308931471656,0.9901044643498237,-0.001457857754963155,Avant appariement
naf_64QQB,0.04381704145188614,0.05909000461475281,0.20468820267477109,0.7535682633374989,-0.07461574708892173,Avant appariement
naf_64RZ1,0.006888696226271362,0.0028641103476305997,0.08271195141897467,2.395474327286263,0.04865785185328725,Avant appariement
naf_64RZ2,0.013037374532500935,0.006272253481174772,0.11343477454011917,2.0644315499809207,0.05963886364435362,Avant appariement
naf_64SZ1,0.018525840772810873,0.008321373079479591,0.13484324215518317,2.2033906696881065,0.0756765228292832,Avant appariement
naf_64SZ2,0.0022853494589525846,0.0016998378485937706,0.047750758193781113,1.3436649467449024,0.012261828555322686,Avant appariement
naf_64SZ3,0.018279168132796942,0.015846807141435822,0.1339593417486659,1.150643032502059,0.01815745702845202,Avant appariement
naf_64TZ0,1.0882616471202784e-5,4.233718178315742e-5,0.0032988691269416667,0.2570547867387992,-0.009534953980158559,Avant appariement
naf_64UZ0,7.617831529841948e-5,1.5241385441936673e-4,0.008727702359868,0.4998511392490686,-0.008734892183250421,Avant appariement
age_fin_ctt_redresse,39.1636077195882,39.21590683795985,10.982602329104765,0.9304547206324081,-0.00476199691152006,Apres appariement
jours_cdi_m24,23.258833887539403,23.155012617031815,12.901311078274274,0.9896468745286432,0.00804734262104742,Apres appariement
jours_cdi_m23,23.469381097249407,23.36059162480642,12.709069542205672,0.9884000859388495,0.008559987187237104,Apres appariement
jours_cdi_m22,23.71007947550881,23.59090158715185,12.518387749471371,0.9867873916590384,0.009520226625189093,Apres appariement
jours_cdi_m21,24.0096691271844,23.88606545134385,12.35225585795441,0.9861638996851051,0.01000656699973978,Apres appariement
jours_cdi_m20,24.237569668812743,24.116595523901612,12.141912857660454,0.9847839163845079,0.009963351436409525,Apres appariement
jours_cdi_m19,24.55448120809062,24.423551006611167,11.964731273029361,0.9825754923505731,0.010943012299373132,Apres appariement
jours_cdi_m18,24.76871133331761,24.622636763122106,11.730019302660999,0.9799138033403234,0.012453054545474443,Apres appariement
jours_cdi_m17,25.061379304923395,24.909078760150617,11.518753152299986,0.9771810946120456,0.013221964457356914,Apres appariement
jours_cdi_m16,25.317819493903734,25.162327351052205,11.27916619337335,0.9764559449482928,0.013785783468895257,Apres appariement
jours_cdi_m15,25.622703582293706,25.45755017333679,11.033162653425713,0.9734520591437021,0.014968818474332542,Apres appariement
jours_cdi_m14,25.912694856496003,25.73650056206715,10.749306411212514,0.9687868918847576,0.01639122448356916,Apres appariement
jours_cdi_m13,26.187687191943965,26.003399916672564,10.40820671413478,0.9641001752007206,0.017705958416557168,Apres appariement
jours_cdi_m12,26.584860347931357,26.396359534309678,10.09620030565272,0.960826071394912,0.018670470861809344,Apres appariement
jours_cdi_m11,26.83676862486145,26.643731968650016,9.723408930459254,0.9548093796026701,0.019852775666642203,Apres appariement
jours_cdi_m10,27.1110809769749,26.906005078257042,9.347622775192695,0.9476955211643264,0.02193882911729188,Apres appariement
jours_cdi_m9,27.451721183249614,27.236834657925147,8.962231203546086,0.9410999926632062,0.023976900444103957,Apres appariement
jours_cdi_m8,27.713589447287536,27.485563128395004,8.53089203278852,0.9343294912470175,0.026729481280048047,Apres appariement
jours_cdi_m7,28.070647517078193,27.829064767429976,8.111328771506896,0.9252189880951692,0.029783375381951895,Apres appariement
jours_cdi_m6,28.27107358756063,28.02159831458466,7.6829253208955715,0.9210003350215626,0.03247139111159381,Apres appariement
jours_cdi_m5,28.498211604524837,28.245611552641716,7.377743695356781,0.9110464438263529,0.03423811700616493,Apres appariement
jours_cdi_m4,28.592984773089956,28.329560015407715,7.2058938238914125,0.9150601650778498,0.03655684695337119,Apres appariement
jours_cdi_m3,28.640854813731732,28.36990700343529,7.197532484356184,0.910622230524408,0.03764454149881857,Apres appariement
jours_cdi_m2,28.607720365697396,28.376919085913734,7.265731920605546,0.9289271953330583,0.03176573018460979,Apres appariement
jours_cdi_m1,28.486518249494925,28.30013992720641,7.395850863091805,0.934621629843667,0.02520038948035259,Apres appariement
jours_cdd_ventiles_m24,1.1893340879969185,1.1512510907247129,5.740966201031817,1.0416225422959982,0.006633551903747673,Apres appariement
jours_cdd_ventiles_m23,1.1951905918606387,1.1607747879473937,5.756785524995637,1.0363091337958918,0.0059783022597964565,Apres appariement
jours_cdd_ventiles_m22,1.2005793615231626,1.1619067833250791,5.770974550675002,1.0414112305792513,0.006701221406973648,Apres appariement
jours_cdd_ventiles_m21,1.205472883207949,1.1698739869034425,5.79004607686974,1.0371838115478365,0.0061482924024936925,Apres appariement
jours_cdd_ventiles_m20,1.21382134911838,1.1803999717001155,5.80969570379245,1.0333342835730153,0.005752689834761531,Apres appariement
jours_cdd_ventiles_m19,1.2215998868004623,1.1839689015714296,5.843806479470514,1.0392801358136587,0.006439464647098006,Apres appariement
jours_cdd_ventiles_m18,1.2194341595327374,1.176041003388125,5.838726130590534,1.0445029429630772,0.007431956076388796,Apres appariement
jours_cdd_ventiles_m17,1.2204836135808002,1.1771847903843282,5.85568518361344,1.0430180327370095,0.007394322242192842,Apres appariement
jours_cdd_ventiles_m16,1.212543923778978,1.1664347648358213,5.841050942604641,1.0473349071188711,0.007893983359541733,Apres appariement
jours_cdd_ventiles_m15,1.197108695139495,1.1579094246476271,5.813980504923179,1.040965684489407,0.0067422431944301345,Apres appariement
jours_cdd_ventiles_m14,1.1805847070568907,1.141837448608196,5.782145872838803,1.0413787637400376,0.0067011900600272125,Apres appariement
jours_cdd_ventiles_m13,1.1501859145186268,1.1107626032749256,5.702314098297334,1.0406382986844556,0.006913563610161834,Apres appariement
jours_cdd_ventiles_m12,1.1266066080230173,1.0867352152756486,5.668242479521145,1.0428211687799038,0.007034172036821009,Apres appariement
jours_cdd_ventiles_m11,1.0919156663443623,1.045456689385185,5.5864155397614,1.0510560782762566,0.0083164198274376,Apres appariement
jours_cdd_ventiles_m10,1.0617920115715083,1.0166536958862973,5.5071530027211315,1.0512404849998493,0.008196306814593267,Apres appariement
jours_cdd_ventiles_m9,1.0343332625836221,0.9904409279217665,5.4447161273172755,1.0505178937154729,0.008061455112717192,Apres appariement
jours_cdd_ventiles_m8,1.0018159092517038,0.9603133426094066,5.36141896172213,1.0499256416357148,0.007740966885558647,Apres appariement
jours_cdd_ventiles_m7,0.9704895093900588,0.9255988176937167,5.297854411656849,1.0578659563584645,0.00847337208768315,Apres appariement
jours_cdd_ventiles_m6,0.9319702222327036,0.8825633406441368,5.1883657174290265,1.0673349981441114,0.009522628950884616,Apres appariement
jours_cdd_ventiles_m5,0.8975072518453883,0.8481082313358331,5.1067665583617465,1.0685463785015474,0.00967324821783167,Apres appariement
jours_cdd_ventiles_m4,0.8754451335990378,0.822091990346595,5.047232457216884,1.0787782697571942,0.010570771943771828,Apres appariement
jours_cdd_ventiles_m3,0.8598801971558616,0.80729350910706,5.009161932233479,1.081001299504116,0.01049810103171377,Apres appariement
jours_cdd_ventiles_m2,0.8456791579212163,0.7963705398202957,4.968549429273289,1.0813744132526517,0.009924147641645292,Apres appariement
jours_cdd_ventiles_m1,0.842192769379525,0.8019322532210771,4.943570619816446,1.0668731026764247,0.008144015581988956,Apres appariement
jours_interim_m24,0.18461744058989538,0.18115463528523926,2.107452536600985,1.0573446797935344,0.0016431237451454645,Apres appariement
jours_interim_m23,0.1755575470289052,0.17334465328711018,2.050420123364229,1.0428137764570993,0.0010792391844868358,Apres appariement
jours_interim_m22,0.1694887940318688,0.16917042033189475,2.0124393279730173,1.0273451491149013,1.5820288122411926e-4,Apres appariement
jours_interim_m21,0.16235093428924055,0.16355367937803142,1.969900396181115,1.0149327737998088,-6.105613720990829e-4,Apres appariement
jours_interim_m20,0.155566823102139,0.15477678466146264,1.9304072047012417,1.040808440816978,4.092599938253168e-4,Apres appariement
jours_interim_m19,0.14640473551399666,0.1458859042992241,1.8753562848825929,1.039841678450796,2.7665741115696305e-4,Apres appariement
jours_interim_m18,0.13622463819383848,0.1355603770173494,1.8123168852600444,1.0464512449144021,3.6652595464493486e-4,Apres appariement
jours_interim_m17,0.1288548766203649,0.1282024070623934,1.7626607737442748,1.0468518396046944,3.701617280479509e-4,Apres appariement
jours_interim_m16,0.12143401803331526,0.12201966841968728,1.7152264849220462,1.0399031831447274,-3.4144201452127265e-4,Apres appariement
jours_interim_m15,0.11448875472647375,0.11801051812371766,1.6594738927716046,1.0131363071999415,-0.0021222168137649674,Apres appariement
jours_interim_m14,0.10412785258904637,0.10804266993687553,1.584534585089043,1.0075002459177107,-0.0024706417800335746,Apres appariement
jours_interim_m13,0.09694282637234787,0.09993789747580753,1.531430575769008,1.0112878116609887,-0.0019557341683319102,Apres appariement
jours_interim_m12,0.08918001084828904,0.09350360430472687,1.4725138060964598,1.004751820302273,-0.002936198926310513,Apres appariement
jours_interim_m11,0.08011225620828714,0.08629499485099325,1.3904665920859907,0.9585859120273638,-0.0044465208138734945,Apres appariement
jours_interim_m10,0.06985354809801193,0.07593016217406001,1.288779477439845,0.9647971268770916,-0.004715014618419629,Apres appariement
jours_interim_m9,0.05950836811860796,0.06455518084412266,1.195708945498634,0.9749636577903527,-0.00422077023385493,Apres appariement
jours_interim_m8,0.05051922426872312,0.055837244220141656,1.0997089332157595,0.9409375894992317,-0.004835843186130739,Apres appariement
jours_interim_m7,0.04489069169634224,0.05104591656250737,1.0551859342306933,0.9464302095536136,-0.005833308298079936,Apres appariement
jours_interim_m6,0.0378825397574071,0.04564928582097179,0.9615835691717807,0.8849520714015112,-0.008077036996643198,Apres appariement
jours_interim_m5,0.028331328758185347,0.037143598330306817,0.8433090750753666,0.8561063369309402,-0.010449632089318992,Apres appariement
jours_interim_m4,0.02315480822897751,0.032568450345494424,0.7798419863300284,0.833680762783288,-0.012071217351117422,Apres appariement
jours_interim_m3,0.02201102123277441,0.030481333867886706,0.7581034139697053,0.8466700000525879,-0.011173030590587447,Apres appariement
jours_interim_m2,0.021515773255036987,0.029860308625962,0.7465506316206696,0.848042477471746,-0.01117745403658698,Apres appariement
jours_interim_m1,0.02526157740411449,0.03324843368000692,0.786202099830798,0.9087796726510403,-0.010158782681464876,Apres appariement
jours_autre_m24,0.08434937779559622,0.08395632384501096,1.5784360387196894,1.0066432552519389,2.49014810194064e-4,Apres appariement
jours_autre_m23,0.08329206266852188,0.08153118096989993,1.5697239538872358,1.025543475028408,0.0011217779369814217,Apres appariement
jours_autre_m22,0.08223474754144754,0.080489588000849,1.561400605792973,1.024112216471405,0.0011176885253686944,Apres appariement
jours_autre_m21,0.08111847432178541,0.07930256507008152,1.5515980681591912,1.0305860239288591,0.001170347713733805,Apres appariement
jours_autre_m20,0.07955018905895023,0.07738839233073132,1.531610202938493,1.0277236933261993,0.0014114535957460736,Apres appariement
jours_autre_m19,0.07876801169728558,0.0753680950247231,1.5326241999771126,1.0484306796816487,0.002218362905018238,Apres appariement
jours_autre_m18,0.07930256507008152,0.07541133095928747,1.5301608567594183,1.0487256903175135,0.0025430229074313937,Apres appariement
jours_autre_m17,0.07885448356641432,0.07501827700870221,1.5297241504308936,1.0546049578070582,0.0025077766842025225,Apres appariement
jours_autre_m16,0.07746307258134251,0.07398847565816884,1.519496082634084,1.0509203896622654,0.0022866771180813927,Apres appariement
jours_autre_m15,0.07523838722102996,0.07179916515340895,1.4954224833308976,1.0495031850003107,0.0022998330611965277,Apres appariement
jours_autre_m14,0.07344213066685533,0.07000290859923433,1.483079807301157,1.0499764020005347,0.0023189730253825934,Apres appariement
jours_autre_m13,0.07194852565463135,0.06985354809801193,1.4644067503029485,1.032261204104714,0.0014305981286865943,Apres appariement
jours_autre_m12,0.06887484376105464,0.06745984953894772,1.4361284052715528,1.026621813203421,9.85283918146137e-4,Apres appariement
jours_autre_m11,0.06527053903418784,0.06479494375397968,1.3973286008713905,1.0101948854406684,3.403603704322453e-4,Apres appariement
jours_autre_m10,0.06268424403933684,0.06280609076401827,1.3734571720767585,1.0054362214829977,-8.871534341125062e-5,Apres appariement
jours_autre_m9,0.06095873719626756,0.06036129519137797,1.3529906180433806,1.0196863833541827,4.4157143214605037e-4,Apres appariement
jours_autre_m8,0.05817984576562979,0.05784574990763232,1.3215306014099313,1.01014668470957,2.5280977802634826e-4,Apres appariement
jours_autre_m7,0.05703212822992084,0.056717685069452635,1.3138789807275295,1.0157331932082156,2.393242947642638e-4,Apres appariement
jours_autre_m6,0.055573898073249535,0.054426180537540586,1.2927027174120402,1.026708791893016,8.878433689739987e-4,Apres appariement
jours_autre_m5,0.055294829768334004,0.054768137474549755,1.2912894043091754,1.0176587735983431,4.07880907275022e-4,Apres appariement
jours_autre_m4,0.0548310261066434,0.05486247042269022,1.2872605985955132,1.0063421737019533,-2.44273118287991e-5,Apres appariement
jours_autre_m3,0.0549057063572546,0.05456767995975127,1.2890805508845748,1.015084620958347,2.622228667334802e-4,Apres appariement
jours_autre_m2,0.055224080057228654,0.05508258063501796,1.291596785333498,1.0102207131531067,1.0955386682396959e-4,Apres appariement
jours_autre_m1,0.05585689691767092,0.05538130163746276,1.293556800847449,1.010648730883551,3.6766478278850017e-4,Apres appariement
jours_ns_min_m24,0.07403957267174492,0.06909495397338239,1.500964073554834,1.0718379331980785,0.0032942951703379946,Apres appariement
jours_ns_min_m23,0.06903206534128875,0.06579723132797208,1.4472417150302666,1.049187251370373,0.00223517189956691,Apres appariement
jours_ns_min_m22,0.06649293682050798,0.06242875897145642,1.4214022668815918,1.0649394854343788,0.002859273510213222,Apres appariement
jours_ns_min_m21,0.06244448112947983,0.060196212532132164,1.3776784640571307,1.0368411530906252,0.001631925486246431,Apres appariement
jours_ns_min_m20,0.05854931647917993,0.05576256396953046,1.3334084448492947,1.052706442475258,0.00208994664794135,Apres appariement
jours_ns_min_m19,0.054096015219048964,0.051246374077305853,1.2827785638605502,1.0550089084005003,0.0022214599012062167,Apres appariement
jours_ns_min_m18,0.05034628053046561,0.04758704179735711,1.2357205702902603,1.0582240153642337,0.0022328986013888073,Apres appariement
jours_ns_min_m17,0.04638036616906036,0.04409279217665417,1.1872599868544538,1.0521628006885955,0.001926767530056268,Apres appariement
jours_ns_min_m16,0.040633917411503906,0.0380319002586295,1.1112364461970488,1.0676038597058937,0.0023415513069061145,Apres appariement
jours_ns_min_m15,0.0347577608502543,0.03296150429607968,1.0292606411348735,1.054434783051486,0.0017451911424438175,Apres appariement
jours_ns_min_m14,0.031063053714752886,0.029455463056859185,0.9716206147875132,1.052369480963344,0.0016545456461370671,Apres appariement
jours_ns_min_m13,0.027073556116312524,0.024817426439953147,0.906405296054235,1.090486532966676,0.00248909586713666,Apres appariement
jours_ns_min_m12,0.024589455148613697,0.02243551949940649,0.8661738454218149,1.0956035187064912,0.002486724415187428,Apres appariement
jours_ns_min_m11,0.02142930138590823,0.019377559763853188,0.807838157689633,1.1066777456611325,0.0025397929059490032,Apres appariement
jours_ns_min_m10,0.017923260146687735,0.01614665629004237,0.7382385040333144,1.1088627712885168,0.0024065445610585373,Apres appariement
jours_ns_min_m9,0.014244275169209725,0.013619319387779166,0.6586895071608112,1.047709512312308,9.487866052768069e-4,Apres appariement
jours_ns_min_m8,0.011496828054618777,0.011091982485515963,0.5919647178688646,1.0405304043539905,6.839015179152925e-4,Apres appariement
jours_ns_min_m7,0.008867297125203405,0.008639325833863957,0.5200439847447439,1.025073139550315,4.383692495767338e-4,Apres appariement
jours_ns_min_m6,0.005954767351366649,0.0051332845946434605,0.4249163306068358,1.1574479301415372,0.001933281207502673,Apres appariement
jours_ns_min_m5,0.004311801837920273,0.0035767909503258417,0.36263164181149543,1.2105720050545237,0.0020268801804573557,Apres appariement
jours_ns_min_m4,0.003309514263927867,0.0031011956701176803,0.3156524612494217,1.0577795139064068,6.599618865178999e-4,Apres appariement
jours_ns_min_m3,0.002873224378778231,0.002617739310897814,0.2959329326261132,1.1039845608174292,8.633208396687686e-4,Apres appariement
jours_ns_min_m2,0.0027788914306377693,0.0024172817960993326,0.2922853927073252,1.1491802129310165,0.001237179973959657,Apres appariement
jours_ns_min_m1,0.0023622542430173964,0.002126421872666242,0.2666055252524061,1.1109317706678714,8.845742042588292e-4,Apres appariement
jours_indemnises_m24,1.0583724422014165,1.0450990102901525,5.395397976207893,1.0099627104034967,0.0024601395429578797,Apres appariement
jours_indemnises_m23,1.0102036805571932,1.0009708432579456,5.27155096564024,1.008979523762249,0.0017514460847342437,Apres appariement
jours_indemnises_m22,0.9556595838344771,0.9401536054838887,5.134768867427783,1.0167406501231502,0.0030198006474936047,Apres appariement
jours_indemnises_m21,0.903780392896729,0.8856959806303013,4.993459029453986,1.0203861251847424,0.0036216202355434384,Apres appariement
jours_indemnises_m20,0.8497236830727386,0.8292730860237876,4.834348806166908,1.0226974919616976,0.004230269239750211,Apres appariement
jours_indemnises_m19,0.797109481247396,0.7805186739931923,4.699589558678497,1.0221708436837247,0.0035302672812280566,Apres appariement
jours_indemnises_m18,0.7412879591852778,0.7280263188925312,4.523574017159029,1.0152216098253424,0.002931673106804908,Apres appariement
jours_indemnises_m17,0.6838784991627951,0.6739735396080466,4.355911068544913,1.017550065219161,0.0022739122536900645,Apres appariement
jours_indemnises_m16,0.6276049650575037,0.619280082384108,4.167981465337029,1.0144601106883113,0.001997341577123003,Apres appariement
jours_indemnises_m15,0.5688158856684669,0.560868334787633,3.9739646018923365,1.0186703308959797,0.001999904799617335,Apres appariement
jours_indemnises_m14,0.5080811892240329,0.5003537485555267,3.75311842289429,1.0192147070548354,0.0020589386738687036,Apres appariement
jours_indemnises_m13,0.45024723093491814,0.44174154344425315,3.5379601050317655,1.0283326944511904,0.002404121934152964,Apres appariement
jours_indemnises_m12,0.4023378848980811,0.39449645858390525,3.3344311533954,1.0258423884072723,0.002351653386572709,Apres appariement
jours_indemnises_m11,0.3411197320944273,0.3365052787145564,3.063830035843922,1.0214197556212599,0.00150610618927492,Apres appariement
jours_indemnises_m10,0.2857816663915289,0.28033393863641726,2.799559256469742,1.0272035474818146,0.001945923360086782,Apres appariement
jours_indemnises_m9,0.23130045830090637,0.22690218459385736,2.511186027224782,1.024854219454081,0.0017514726744118313,Apres appariement
jours_indemnises_m8,0.18084019212477104,0.17699219394854138,2.2180852248555727,1.040375254891986,0.0017348288213227775,Apres appariement
jours_indemnises_m7,0.13606741661360439,0.1350965733556588,1.9140692024320318,1.0225082072830283,5.072142933557571e-4,Apres appariement
jours_indemnises_m6,0.09794904448584613,0.0988963045067566,1.6074844376841377,1.004996493720124,-5.892809900388005e-4,Apres appariement
jours_indemnises_m5,0.06777036215991007,0.07047457333993663,1.3305544061306225,0.9803695001418835,-0.00203239429185813,Apres appariement
jours_indemnises_m4,0.04784645740474337,0.052244731111792404,1.1114250257616216,0.9436153435552862,-0.003957328299347088,Apres appariement
jours_indemnises_m3,0.03591727000448081,0.03850749553883766,0.9585148226262069,0.9716422741431876,-0.0027023322678098615,Apres appariement
jours_indemnises_m2,0.028036538295246407,0.02934540795069531,0.8441644415207797,1.005435355241967,-0.0015504913392122373,Apres appariement
jours_indemnises_m1,0.024707371333789276,0.025540645709030023,0.7818808376950565,1.0071009228149883,-0.0010657306523807332,Apres appariement
niv_dipBac,0.2021672994835271,0.20586986769804022,0.4016171267321762,0.9865935729976623,-0.009219149204715631,Apres appariement
niv_dipinferieur_bac,0.40966834107649613,0.40630379925948634,0.4917734661023208,1.0025668137224797,0.006841649761375594,Apres appariement
niv_dipmanquant,0.00482670251318696,0.004744161183564056,0.06930674091374715,1.0173141309720517,0.001190956731404065,Apres appariement
niv_dipsuperieur,0.3833376569267898,0.38308217185890936,0.4862003978321621,1.0002525121227794,5.254727660025845e-4,Apres appariement
qualif_classecadre,0.2204246554882123,0.21714658554033126,0.4145338371693561,1.010845567484996,0.007907846486707438,Apres appariement
qualif_classemanquant,0.030190473944453615,0.02963233733462255,0.17111143827990466,1.0182493750052322,0.0032618310934775917,Apres appariement
qualif_classeouvrier_employe_non_qualifie,0.15501654757131964,0.15177778301849712,0.36192116876427777,1.0174390826109203,0.008948812151222767,Apres appariement
qualif_classeouvrier_employe_qualifie,0.4727338474479007,0.4807482175003341,0.49925698456967044,0.9985065381238322,-0.01605259475606794,Apres appariement
naf_64AZ2,6.760527950066426e-4,6.760527950066426e-4,0.0259922758351634,1,0,Apres appariement
naf_64AZ3,5.031090567491293e-4,4.952479777374242e-4,0.022424493629267177,1.0158650260580309,3.505577045202612e-4,Apres appariement
naf_64BZ0,8.293438357348929e-4,8.096911382056301e-4,0.02878644267037984,1.0242516986433934,6.827067086509005e-4,Apres appariement
naf_64CA0,0.03190025862949949,0.03230117365909645,0.17573489555222999,0.9879973761308153,-0.0022813626646951456,Apres appariement
naf_64CB0,0.005160798371184429,0.005156867831678577,0.07165322540871595,1.0007582411967402,5.48550254846488e-5,Apres appariement
naf_64CC1,0.0031915980787522893,0.0029990016429655136,0.056404115853099186,1.0640146019325905,0.003414581238865272,Apres appariement
naf_64CC2,0.001933825436879466,0.0019574086739145816,0.04393282761634259,0.9879751520258728,-5.368021662767442e-4,Apres appariement
naf_64CC3,0.003022584880000629,0.003140501065176206,0.05489499708689469,0.9625669126614269,-0.0021480315408146326,Apres appariement
naf_64CD0,7.074971110534632e-5,5.5027553081936024e-5,0.00841100372426965,1.2856940703987152,0.001869236840074695,Apres appariement
naf_64CE0,0.004453301260130965,0.0045004677342011965,0.06658443357131207,0.989566533804064,-7.083708840102393e-4,Apres appariement
naf_64CF0,0.002083185938101864,0.0020871164776077164,0.04559445630193089,0.9981206921711534,-8.620652212242617e-5,Apres appariement
naf_64CG1,0.005828990087179366,0.005722865520521347,0.07612513211390728,1.0184352413484143,0.0013940805580373006,Apres appariement
naf_64CG2,0.003832276018206259,0.0038362065577121117,0.06178676787122434,0.9989793514692998,-6.361458353097288e-5,Apres appariement
naf_64CH1,0.001980991910949697,0.001796256554174626,0.044464315500986035,1.1026405379340374,0.004154687971548198,Apres appariement
naf_64CH2,0.01325770975324073,0.01299829414585446,0.11437654613003057,1.0196895880705579,0.0022680839399657183,Apres appariement
naf_64CI0,0.0038637203342530794,0.0038951646502999003,0.062038755043280915,0.9919586585591225,-5.068495656446364e-4,Apres appariement
naf_64CJ0,0.003612165805878515,0.003627887963901925,0.05999276798582224,0.9956820165462802,-2.6206755499472135e-4,Apres appariement
naf_64CK0,0.005935114653837385,0.005884017640261302,0.07681088632297761,1.0086321889326968,6.6523140172121e-4,Apres appariement
naf_64CL1,0.005074326502055672,0.005050743265020557,0.07105348377327006,1.0046454470705415,3.3190824408228586e-4,Apres appariement
naf_64CL2,0.002425142875111038,0.0023740458615349545,0.04918608610356014,1.021470857811765,0.0010388509764428053,Apres appariement
naf_64CM1,0.0062338356562821814,0.006442154250092368,0.07870831785130553,0.9678660985570416,-0.002646716376326817,Apres appariement
naf_64CM2,0.007523052614201825,0.007416928047543806,0.086408828489238,1.0141999786844755,0.001228168099411701,Apres appariement
naf_64DZ0,0.0011005510616387206,0.0010848289036153103,0.033156359420405825,1.0144767862859718,4.7418227749498225e-4,Apres appariement
naf_64EZ1,8.450659937583033e-4,7.861079011705147e-4,0.029057790280678154,1.0749365701877953,0.0020289943598014227,Apres appariement
naf_64EZ2,0.005325881030430237,0.005093979199584935,0.072784179900977,1.0452809908626521,0.003186157090191917,Apres appariement
naf_64FZ0,0.09246594187518178,0.09123961354935578,0.28968313948991486,1.012073154988708,0.0042333438113981,Apres appariement
naf_64GZ1,0.02570572836827583,0.025576020564582694,0.1582562552882527,1.0049376741428966,8.196061726399527e-4,Apres appariement
naf_64GZ2,0.06481459645150893,0.06536880252183415,0.24619890898149133,0.992109797164709,-0.002251050066054043,Apres appariement
naf_64GZ3,0.11868657091872431,0.12021555078650095,0.3234199745510434,0.9889971460943329,-0.0047275369120262315,Apres appariement
naf_64HZ1,0.025843297250980668,0.023606820272150556,0.15866795578047527,1.0922310417201964,0.014095328624037893,Apres appariement
naf_64HZ2,6.760527950066426e-4,5.935114653837386e-4,0.0259922758351634,1.138978771259298,0.003175609944522007,Apres appariement
naf_64HZ3,6.131641629130015e-4,4.0877610860866765e-4,0.024754607676551573,1.4996932925438584,0.008256566089630954,Apres appariement
naf_64HZ4,0.012644545590327728,0.012377268903929754,0.11173499956946435,1.021317686627504,0.0023920587768187234,Apres appariement
naf_64HZ5,5.031090567491293e-4,4.5201204317304593e-4,0.022424493629267173,1.1129865793441498,0.002278625079381703,Apres appariement
naf_64Inconnu,0.020965497724217626,0.025745033763334355,0.1432690696129166,0.8183462189983645,-0.03336055753017763,Apres appariement
naf_64IZ0,0.10386450644215425,0.10785793458010047,0.3050852939534308,0.9672856029824707,-0.013089546487795596,Apres appariement
naf_64JA1,0.008238410804266993,0.008195174869702615,0.09039121365730876,1.0052319562000913,4.7832010230877334e-4,Apres appariement
naf_64JA2,0.0047323695650464985,0.0044886761156836385,0.06862938697204664,1.0540326358494627,0.0035508615203297456,Apres appariement
naf_64JB0,0.002617739310897814,0.0025587812183100254,0.051096937423214084,1.0229810033475502,0.0011538478734931588,Apres appariement
naf_64JC0,0.030583527895038872,0.029899614021020524,0.1721867946455714,1.022152550325803,0.003971929876655838,Apres appariement
naf_64KZ1,0.019310740592253694,0.020949775566194217,0.1376150803009506,0.9233067332819624,-0.011910286070073972,Apres appariement
naf_64KZ2,0.004913174382315717,0.005369116964994615,0.06992177283526073,0.9155000034830975,-0.006520752609535834,Apres appariement
naf_64KZ3,0.010773608785541903,0.010419860230015171,0.10323555603239307,1.0335798436327661,0.003426615491040053,Apres appariement
naf_64LZ0,0.01671265397888514,0.01576146341846882,0.1281928460095092,1.059324381611697,0.007419997215334184,Apres appariement
naf_64MA1,0.0490374108750167,0.048223789197305224,0.21594658252042634,1.0160025223461595,0.0037676987902066817,Apres appariement
naf_64MA2,0.02402738799927678,0.023591098114127147,0.15313446639149558,1.018038740644998,0.0028490639333553927,Apres appariement
naf_64MB0,0.0026295309294153716,0.0025076842047339416,0.051211588579586985,1.0484612533107562,0.0023792803164477167,Apres appariement
naf_64MC1,0.010258708110275216,0.010160444622628903,0.10076461148113217,1.0095709476685624,9.751785493135448e-4,Apres appariement
naf_64MC2,0.006084475155059783,0.005777893073603282,0.07776553276997965,1.0527364985559693,0.00394239029215335,Apres appariement
naf_64NZ1,0.006501112342680157,0.006469668026633336,0.08036711558743766,1.0048284644166845,3.912584869692156e-4,Apres appariement
naf_64NZ2,0.008383840765983539,0.008226619185749436,0.09117886080044592,1.0189497681121245,0.0017243205152365094,Apres appariement
naf_64NZ3,0.0030186543404947764,0.002908599234330904,0.05485940116003703,1.0377232852969822,0.002006130286453861,Apres appariement
naf_64NZ4,0.05489391473873704,0.05248842456115527,0.22777352081143212,1.043173872155143,0.010560885958176041,Apres appariement
naf_64OZ0,0.0038479981762296694,0.0038833730317823422,0.061912891652979814,0.9909258775271264,-5.713649388393625e-4,Apres appariement
naf_64PZ0,0.016917042033189476,0.016488613227051543,0.12896092854244331,1.0255363834053581,0.0033221597500899566,Apres appariement
naf_64QA0,0.0213074546612268,0.02257308838211133,0.1444075102018803,0.9451540050654321,-0.008764320630659635,Apres appariement
naf_64QQB,0.04709179381961968,0.04643932426164815,0.21183562768054254,1.0133560774616661,0.003080074702804378,Apres appariement
naf_64RZ1,0.005168659450196134,0.004728439025540646,0.07170749347438601,1.09261709051687,0.006139113268723231,Apres appariement
naf_64RZ2,0.010459165625073697,0.009519766683174932,0.10173402655870142,1.0976367604251667,0.00923387163248398,Apres appariement
naf_64SZ1,0.013528916979144557,0.012554143181693119,0.1155246200653864,1.0765817694949964,0.008437801369956643,Apres appariement
naf_64SZ2,0.0022246853603125564,0.0021617967282189154,0.04711416835894522,1.029026050760813,0.0013348135875925055,Apres appariement
naf_64SZ3,0.01876832614044604,0.02025013953415246,0.13570611062045415,0.9282263011468721,-0.010919282756918652,Apres appariement
naf_64TZ0,3.930539505852573e-6,0,0.001982558827841582,Inf,0.0019825588278415745,Apres appariement
naf_64UZ0,6.288863209364117e-5,6.288863209364117e-5,0.007930001531227707,1,0,Apres appariement
