classe_lib,role,horizon,observe,predit
Classe 1 (emploi salarie),Emploi salarie,12,0.481832444304989,0.37243164655027233
Classe 1 (emploi salarie),Emploi salarie,24,0.7335425164731723,0.5652404726327377
Classe 1 (emploi salarie),Emploi salarie,36,0.8684028867273298,0.6688950906064755
Classe 1 (emploi salarie),Emploi salarie,48,0.869720740508315,0.67095723890617
Classe 1 (emploi salarie),Emploi salarie,60,0.8384060244744274,0.6584524417940082
Classe 2,Autres classes,12,0.07693099897013388,0.28807862226942205
Classe 2,Autres classes,24,0.08300720906282183,0.42913614675154754
Classe 2,Autres classes,36,0.0893923789907312,0.5060682339302044
Classe 2,Autres classes,48,0.0867147270854789,0.5082038982998925
Classe 2,Autres classes,60,0.11071060762100927,0.4945864866784415
Classe 3 (non-salariat),Non-salariat,12,0.13155036654900895,0.3733638158566317
Classe 3 (non-salariat),Non-salariat,24,0.1907412435514526,0.5650011804614897
Classe 3 (non-salariat),Non-salariat,36,0.32324192234591365,0.6698450386203624
Classe 3 (non-salariat),Non-salariat,48,0.3626120010860711,0.6698080873937422
Classe 3 (non-salariat),Non-salariat,60,0.38284007602497966,0.6555505627261247
Classe 4,Autres classes,12,0.3773071970238947,0.33192389399495115
Classe 4,Autres classes,24,0.6099585062240664,0.510432236677508
Classe 4,Autres classes,36,0.7342967520389183,0.6088354714314309
Classe 4,Autres classes,48,0.7476033767348691,0.6149014818531335
Classe 4,Autres classes,60,0.7255687508942624,0.6049022310691281
