variable,importance
age_fin_ctt_redresse,0.28137026438199625
niv_dip,0.2578452967404476
jours_cdi_m01_06,0.12488046501084286
jours_cdi_m07_12,0.07366380580654205
jours_cdi_m13_24,0.0650643073860207
log_sjr,0.062810762412253
qualif_classe,0.05173353248422689
naf_64,0.03023471375600648
jours_cdd_ventiles_m13_24,0.01646093191147246
duree_cat,0.012634521642390952
jours_cdd_ventiles_m07_12,0.006675217727155585
SEXE,0.00549230881131561
mois_entree,0.004188161233269114
jours_cdd_ventiles_m01_06,0.002550547838085576
rci,0.0018536605721749015
jours_indemnises_m13_24,0.001694367690471883
jours_interim_m13_24,3.0923267483031543e-4
jours_indemnises_m07_12,2.7383349033135654e-4
jours_interim_m07_12,2.1564916544753563e-4
jours_indemnises_m01_06,2.0751113450948595e-5
jours_autre_m13_24,1.3834075633965731e-5
jours_interim_m01_06,1.3834075633965731e-5
jours_autre_m01_06,0
jours_autre_m07_12,0
jours_ns_min_m01_06,0
jours_ns_min_m07_12,0
jours_ns_min_m13_24,0
